{"nodes": [[0.0], [0.03125], [0.0625], [0.09375], [0.125], [0.15625], [0.1875], [0.21875], [0.25], [0.28125], [0.3125], [0.34375], [0.375], [0.40625], [0.4375], [0.46875], [0.5], [0.53125], [0.5625], [0.59375], [0.625], [0.65625], [0.6875], [0.71875], [0.75], [0.78125], [0.8125], [0.84375], [0.875], [0.90625], [0.9375], [0.96875], [1.0]], "elements": [[0, 1], [1, 2], [2, 3], [3, 4], [4, 5], [5, 6], [6, 7], [7, 8], [8, 9], [9, 10], [10, 11], [11, 12], [12, 13], [13, 14], [14, 15], [15, 16], [16, 17], [17, 18], [18, 19], [19, 20], [20, 21], [21, 22], [22, 23], [23, 24], [24, 25], [25, 26], [26, 27], [27, 28], [28, 29], [29, 30], [30, 31], [31, 32]], "meshsize": 0.03125, "material": [1, 1], "etype": "l2", "gauss": 2, "boundary": [[0, 32], [0.0, 0.0]], "load": [[0, 32], [0, 0]]}