{"nodes": [[0.0], [0.015625], [0.03125], [0.046875], [0.0625], [0.078125], [0.09375], [0.109375], [0.125], [0.140625], [0.15625], [0.171875], [0.1875], [0.203125], [0.21875], [0.234375], [0.25], [0.265625], [0.28125], [0.296875], [0.3125], [0.328125], [0.34375], [0.359375], [0.375], [0.390625], [0.40625], [0.421875], [0.4375], [0.453125], [0.46875], [0.484375], [0.5], [0.515625], [0.53125], [0.546875], [0.5625], [0.578125], [0.59375], [0.609375], [0.625], [0.640625], [0.65625], [0.671875], [0.6875], [0.703125], [0.71875], [0.734375], [0.75], [0.765625], [0.78125], [0.796875], [0.8125], [0.828125], [0.84375], [0.859375], [0.875], [0.890625], [0.90625], [0.921875], [0.9375], [0.953125], [0.96875], [0.984375], [1.0]], "elements": [[0, 1, 2], [2, 3, 4], [4, 5, 6], [6, 7, 8], [8, 9, 10], [10, 11, 12], [12, 13, 14], [14, 15, 16], [16, 17, 18], [18, 19, 20], [20, 21, 22], [22, 23, 24], [24, 25, 26], [26, 27, 28], [28, 29, 30], [30, 31, 32], [32, 33, 34], [34, 35, 36], [36, 37, 38], [38, 39, 40], [40, 41, 42], [42, 43, 44], [44, 45, 46], [46, 47, 48], [48, 49, 50], [50, 51, 52], [52, 53, 54], [54, 55, 56], [56, 57, 58], [58, 59, 60], [60, 61, 62], [62, 63, 64]], "meshsize": 0.03125, "material": [1, 1], "boundary": [[0, 64], [0.0, 0.0]], "load": [[0, 64], [0, 0]], "etype": "l3", "gauss": 2}